{
  "regions_unexplored:recipes/transportation/maple_boat": {
    "criteria": {
      "in_water": "2025-10-05 16:20:22 -0300"
    },
    "done": true
  },
  "cobblemon:craft_base_balls": {
    "criteria": {
      "verdant_ball": "2025-10-05 16:15:45 -0300"
    },
    "done": false
  },
  "cobblemon:recipes/misc/pokedex_blue": {
    "criteria": {
      "has_pokedex": "2025-10-05 16:15:45 -0300"
    },
    "done": true
  },
  "regions_unexplored:recipes/transportation/magnolia_boat": {
    "criteria": {
      "in_water": "2025-10-05 16:20:22 -0300"
    },
    "done": true
  },
  "minecraft:recipes/decorations/crafting_table": {
    "criteria": {
      "unlock_right_away": "2025-10-05 16:13:16 -0300"
    },
    "done": true
  },
  "minecraft:recipes/decorations/chest": {
    "criteria": {
      "has_lots_of_items": "2025-10-05 16:17:20 -0300"
    },
    "done": true
  },
  "minecraft:recipes/transportation/cherry_boat": {
    "criteria": {
      "in_water": "2025-10-05 16:20:22 -0300"
    },
    "done": true
  },
  "toms_storage:unlock_netherite": {
    "criteria": {
      "inv_changed-netherite": "2025-10-05 16:15:12 -0300"
    },
    "done": true
  },
  "toms_storage:unlock_chest": {
    "criteria": {
      "inv_changed-chest": "2025-10-05 16:15:12 -0300"
    },
    "done": true
  },
  "cobblemon:any_plant": {
    "criteria": {
      "check_inv": "2025-10-05 16:15:45 -0300"
    },
    "done": true
  },
  "biomeswevegone:recipes/transportation/rainbow_eucalyptus_boat": {
    "criteria": {
      "in_water": "2025-10-05 16:20:22 -0300"
    },
    "done": true
  },
  "cobblemon:recipes/misc/pokedex_red": {
    "criteria": {
      "has_pokedex": "2025-10-05 16:15:45 -0300"
    },
    "done": true
  },
  "jbt:recipes": {
    "criteria": {
      "requirement": "2025-10-05 16:13:16 -0300"
    },
    "done": true
  },
  "constructionwand:recipe/misc/core_destruction": {
    "criteria": {
      "has_item": "2025-10-05 16:15:12 -0300"
    },
    "done": true
  },
  "biomeswevegone:recipes/transportation/spirit_boat": {
    "criteria": {
      "in_water": "2025-10-05 16:20:22 -0300"
    },
    "done": true
  },
  "biomeswevegone:recipes/transportation/aspen_boat": {
    "criteria": {
      "in_water": "2025-10-05 16:20:22 -0300"
    },
    "done": true
  },
  "eternal_starlight:recipes/transportation/torreya_boat": {
    "criteria": {
      "in_water": "2025-10-05 16:20:22 -0300"
    },
    "done": true
  },
  "naturescompass:natures_compass_sapling": {
    "criteria": {
      "has_sapling": "2025-10-05 16:15:12 -0300"
    },
    "done": true
  },
  "minecraft:recipes/transportation/acacia_boat": {
    "criteria": {
      "in_water": "2025-10-05 16:20:22 -0300"
    },
    "done": true
  },
  "cobblemon:craft_all_balls": {
    "criteria": {
      "verdant_ball": "2025-10-05 16:15:45 -0300"
    },
    "done": false
  },
  "biomeswevegone:recipes/transportation/fir_boat": {
    "criteria": {
      "in_water": "2025-10-05 16:20:22 -0300"
    },
    "done": true
  },
  "eternal_starlight:recipes/transportation/lunar_boat": {
    "criteria": {
      "in_water": "2025-10-05 16:20:22 -0300"
    },
    "done": true
  },
  "cobblemon:craft_poke_ball": {
    "criteria": {
      "requirement": "2025-10-05 16:15:45 -0300"
    },
    "done": true
  },
  "biomeswevegone:recipes/transportation/redwood_boat": {
    "criteria": {
      "in_water": "2025-10-05 16:20:22 -0300"
    },
    "done": true
  },
  "constructionwand:recipe/tools/stone_wand": {
    "criteria": {
      "has_item": "2025-10-05 16:15:12 -0300"
    },
    "done": true
  },
  "biomeswevegone:recipes/transportation/cypress_boat": {
    "criteria": {
      "in_water": "2025-10-05 16:20:22 -0300"
    },
    "done": true
  },
  "minecraft:recipes/transportation/jungle_boat": {
    "criteria": {
      "in_water": "2025-10-05 16:20:22 -0300"
    },
    "done": true
  },
  "arts_and_crafts:recipes/transportation/cork_boat": {
    "criteria": {
      "in_water": "2025-10-05 16:20:22 -0300"
    },
    "done": true
  },
  "biomeswevegone:recipes/transportation/holly_boat": {
    "criteria": {
      "in_water": "2025-10-05 16:20:22 -0300"
    },
    "done": true
  },
  "regions_unexplored:recipes/transportation/pine_boat": {
    "criteria": {
      "in_water": "2025-10-05 16:20:22 -0300"
    },
    "done": true
  },
  "cobblemon:recipes/misc/pokedex_black": {
    "criteria": {
      "has_pokedex": "2025-10-05 16:15:45 -0300"
    },
    "done": true
  },
  "regions_unexplored:recipes/transportation/socotra_boat": {
    "criteria": {
      "in_water": "2025-10-05 16:20:22 -0300"
    },
    "done": true
  },
  "cobblemon:recipes/misc/pokedex_green": {
    "criteria": {
      "has_pokedex": "2025-10-05 16:15:45 -0300"
    },
    "done": true
  },
  "minecraft:recipes/transportation/spruce_boat": {
    "criteria": {
      "in_water": "2025-10-05 16:20:22 -0300"
    },
    "done": true
  },
  "regions_unexplored:recipes/transportation/dead_boat": {
    "criteria": {
      "in_water": "2025-10-05 16:20:22 -0300"
    },
    "done": true
  },
  "constructionwand:recipe/tools/iron_wand": {
    "criteria": {
      "has_item": "2025-10-05 16:15:12 -0300"
    },
    "done": true
  },
  "cobblemon:recipes/misc/pokedex_white": {
    "criteria": {
      "has_pokedex": "2025-10-05 16:15:45 -0300"
    },
    "done": true
  },
  "biomeswevegone:recipes/transportation/blue_enchanted_boat": {
    "criteria": {
      "in_water": "2025-10-05 16:20:22 -0300"
    },
    "done": true
  },
  "minecraft:recipes/transportation/mangrove_boat": {
    "criteria": {
      "in_water": "2025-10-05 16:20:22 -0300"
    },
    "done": true
  },
  "biomeswevegone:recipes/transportation/green_enchanted_boat": {
    "criteria": {
      "in_water": "2025-10-05 16:20:22 -0300"
    },
    "done": true
  },
  "regions_unexplored:recipes/transportation/baobab_boat": {
    "criteria": {
      "in_water": "2025-10-05 16:20:22 -0300"
    },
    "done": true
  },
  "toms_storage:unlock_dia_pearl": {
    "criteria": {
      "inv_changed-ender_pearl": "2025-10-05 16:15:12 -0300",
      "inv_changed-diamond": "2025-10-05 16:15:12 -0300"
    },
    "done": true
  },
  "constructionwand:recipe/tools/diamond_wand": {
    "criteria": {
      "has_item": "2025-10-05 16:15:12 -0300"
    },
    "done": true
  },
  "regions_unexplored:recipes/transportation/joshua_boat": {
    "criteria": {
      "in_water": "2025-10-05 16:20:22 -0300"
    },
    "done": true
  },
  "minecraft:recipes/transportation/dark_oak_boat": {
    "criteria": {
      "in_water": "2025-10-05 16:20:22 -0300"
    },
    "done": true
  },
  "sophisticatedbackpacks:recipes/misc/iron_backpack": {
    "criteria": {
      "has_backpack": "2025-10-05 16:15:45 -0300"
    },
    "done": true
  },
  "constructionwand:recipe/misc/core_angel": {
    "criteria": {
      "has_item": "2025-10-05 16:15:12 -0300"
    },
    "done": true
  },
  "biomeswevegone:biomeswevegone/adventure/forgotten_fae": {
    "criteria": {
      "pixe_club_music_disc": "2025-10-05 16:23:40 -0300"
    },
    "done": true
  },
  "biomeswevegone:recipes/transportation/willow_boat": {
    "criteria": {
      "in_water": "2025-10-05 16:20:22 -0300"
    },
    "done": true
  },
  "toms_storage:unlock_glowstone": {
    "criteria": {
      "inv_changed-glowstone": "2025-10-05 16:15:12 -0300"
    },
    "done": true
  },
  "biomeswevegone:biomeswevegone/root": {
    "criteria": {
      "tick": "2025-10-05 16:13:16 -0300"
    },
    "done": true
  },
  "naturescompass:natures_compass": {
    "criteria": {
      "has_compass": "2025-10-05 16:15:12 -0300"
    },
    "done": true
  },
  "biomeswevegone:recipes/transportation/pine_boat": {
    "criteria": {
      "in_water": "2025-10-05 16:20:22 -0300"
    },
    "done": true
  },
  "cobblemon:root": {
    "criteria": {
      "picked_starter": "2025-10-05 16:15:45 -0300"
    },
    "done": true
  },
  "beautify:progression/root": {
    "criteria": {
      "Install": "2025-10-05 16:13:16 -0300"
    },
    "done": true
  },
  "minecraft:recipes/transportation/bamboo_raft": {
    "criteria": {
      "in_water": "2025-10-05 16:20:22 -0300"
    },
    "done": true
  },
  "eternal_starlight:recipes/transportation/northland_boat": {
    "criteria": {
      "in_water": "2025-10-05 16:20:22 -0300"
    },
    "done": true
  },
  "regions_unexplored:recipes/transportation/kapok_boat": {
    "criteria": {
      "in_water": "2025-10-05 16:20:22 -0300"
    },
    "done": true
  },
  "regions_unexplored:recipes/transportation/cypress_boat": {
    "criteria": {
      "in_water": "2025-10-05 16:20:22 -0300"
    },
    "done": true
  },
  "cobblemon:recipes/misc/pokedex_yellow": {
    "criteria": {
      "has_pokedex": "2025-10-05 16:15:45 -0300"
    },
    "done": true
  },
  "eternal_starlight:recipes/transportation/jinglestem_raft": {
    "criteria": {
      "in_water": "2025-10-05 16:20:22 -0300"
    },
    "done": true
  },
  "exposure:recipes/decorations/lightroom": {
    "criteria": {
      "has_developed_film": "2025-10-05 16:15:12 -0300"
    },
    "done": true
  },
  "regions_unexplored:recipes/transportation/larch_boat": {
    "criteria": {
      "in_water": "2025-10-05 16:20:22 -0300"
    },
    "done": true
  },
  "jbt:visible/root": {
    "criteria": {
      "tick": "2025-10-05 16:13:16 -0300"
    },
    "done": true
  },
  "naturescompass:natures_compass_log": {
    "criteria": {
      "has_log": "2025-10-05 16:15:12 -0300"
    },
    "done": true
  },
  "biomeswevegone:recipes/transportation/mahogany_boat": {
    "criteria": {
      "in_water": "2025-10-05 16:20:22 -0300"
    },
    "done": true
  },
  "biomeswevegone:recipes/transportation/baobab_boat": {
    "criteria": {
      "in_water": "2025-10-05 16:20:22 -0300"
    },
    "done": true
  },
  "biomeswevegone:recipes/transportation/skyris_boat": {
    "criteria": {
      "in_water": "2025-10-05 16:20:22 -0300"
    },
    "done": true
  },
  "biomeswevegone:biomeswevegone/adventure/root": {
    "criteria": {
      "biomeswevegone:orchard": "2025-10-05 16:13:17 -0300"
    },
    "done": true
  },
  "biomeswevegone:recipes/transportation/white_mangrove_boat": {
    "criteria": {
      "in_water": "2025-10-05 16:20:22 -0300"
    },
    "done": true
  },
  "eternal_starlight:recipes/transportation/scarlet_boat": {
    "criteria": {
      "in_water": "2025-10-05 16:20:22 -0300"
    },
    "done": true
  },
  "biomeswevegone:recipes/transportation/cika_boat": {
    "criteria": {
      "in_water": "2025-10-05 16:20:22 -0300"
    },
    "done": true
  },
  "cobblemon:recipes/misc/verdant_rod": {
    "criteria": {
      "has_ball": "2025-10-05 16:15:45 -0300"
    },
    "done": false
  },
  "biomeswevegone:recipes/transportation/ebony_boat": {
    "criteria": {
      "in_water": "2025-10-05 16:20:22 -0300"
    },
    "done": true
  },
  "regions_unexplored:parent": {
    "criteria": {
      "load_in_world": "2025-10-05 16:13:17 -0300"
    },
    "done": true
  },
  "eternal_starlight:recipes/transportation/starlight_mangrove_boat": {
    "criteria": {
      "in_water": "2025-10-05 16:20:22 -0300"
    },
    "done": true
  },
  "regions_unexplored:recipes/transportation/blackwood_boat": {
    "criteria": {
      "in_water": "2025-10-05 16:20:22 -0300"
    },
    "done": true
  },
  "regions_unexplored:recipes/transportation/eucalyptus_boat": {
    "criteria": {
      "in_water": "2025-10-05 16:20:22 -0300"
    },
    "done": true
  },
  "cobblemon:recipes/transportation/apricorn_boat": {
    "criteria": {
      "in_water": "2025-10-05 16:20:22 -0300"
    },
    "done": true
  },
  "mega_showdown:mega_showdown/root": {
    "criteria": {
      "root": "2025-10-05 16:15:45 -0300"
    },
    "done": true
  },
  "cobblemon:craft_pokedex": {
    "criteria": {
      "requirement": "2025-10-05 16:15:45 -0300"
    },
    "done": true
  },
  "biomeswevegone:recipes/transportation/maple_boat": {
    "criteria": {
      "in_water": "2025-10-05 16:20:22 -0300"
    },
    "done": true
  },
  "biomeswevegone:recipes/transportation/sakura_boat": {
    "criteria": {
      "in_water": "2025-10-05 16:20:22 -0300"
    },
    "done": true
  },
  "biomeswevegone:biomeswevegone/adventure/oh_the_biomes_weve_gone": {
    "criteria": {
      "biomeswevegone:orchard": "2025-10-05 16:13:17 -0300"
    },
    "done": false
  },
  "regions_unexplored:recipes/transportation/palm_boat": {
    "criteria": {
      "in_water": "2025-10-05 16:20:22 -0300"
    },
    "done": true
  },
  "cobblemon:harvest_apricorn_seed": {
    "criteria": {
      "check_inv": "2025-10-05 16:15:45 -0300"
    },
    "done": true
  },
  "biomeswevegone:recipes/transportation/florus_boat": {
    "criteria": {
      "in_water": "2025-10-05 16:20:22 -0300"
    },
    "done": true
  },
  "lootr:root": {
    "criteria": {
      "always_true": "2025-10-05 16:13:16 -0300"
    },
    "done": true
  },
  "constructionwand:recipe/tools/infinity_wand": {
    "criteria": {
      "has_item": "2025-10-05 16:15:12 -0300"
    },
    "done": true
  },
  "regions_unexplored:recipes/transportation/oak_boat": {
    "criteria": {
      "in_water": "2025-10-05 16:20:22 -0300"
    },
    "done": true
  },
  "minecraft:recipes/transportation/birch_boat": {
    "criteria": {
      "in_water": "2025-10-05 16:20:22 -0300"
    },
    "done": true
  },
  "minecraft:recipes/transportation/oak_boat": {
    "criteria": {
      "in_water": "2025-10-05 16:20:22 -0300"
    },
    "done": true
  },
  "biomeswevegone:recipes/transportation/witch_hazel_boat": {
    "criteria": {
      "in_water": "2025-10-05 16:20:22 -0300"
    },
    "done": true
  },
  "biomeswevegone:recipes/transportation/jacaranda_boat": {
    "criteria": {
      "in_water": "2025-10-05 16:20:22 -0300"
    },
    "done": true
  },
  "regions_unexplored:recipes/transportation/mauve_boat": {
    "criteria": {
      "in_water": "2025-10-05 16:20:22 -0300"
    },
    "done": true
  },
  "regions_unexplored:recipes/transportation/redwood_boat": {
    "criteria": {
      "in_water": "2025-10-05 16:20:22 -0300"
    },
    "done": true
  },
  "biomeswevegone:recipes/transportation/palm_boat": {
    "criteria": {
      "in_water": "2025-10-05 16:20:22 -0300"
    },
    "done": true
  },
  "biomeswevegone:recipes/transportation/zelkova_boat": {
    "criteria": {
      "in_water": "2025-10-05 16:20:22 -0300"
    },
    "done": true
  },
  "sophisticatedbackpacks:recipes/misc/copper_backpack": {
    "criteria": {
      "has_backpack": "2025-10-05 16:15:45 -0300"
    },
    "done": true
  },
  "biomeswevegone:recipes/transportation/ironwood_boat": {
    "criteria": {
      "in_water": "2025-10-05 16:20:22 -0300"
    },
    "done": true
  },
  "cobblemon:recipes/misc/pokedex_pink": {
    "criteria": {
      "has_pokedex": "2025-10-05 16:15:45 -0300"
    },
    "done": true
  },
  "minecraft:adventure/adventuring_time": {
    "criteria": {
      "minecraft:old_growth_birch_forest": "2025-10-05 16:16:53 -0300"
    },
    "done": false
  },
  "regions_unexplored:recipes/transportation/willow_boat": {
    "criteria": {
      "in_water": "2025-10-05 16:20:22 -0300"
    },
    "done": true
  },
  "DataVersion": 3955
}