{"stats":{"minecraft:mined":{"handcrafted:yellow_plate":1,"display:display_stand_down":3,"pokeblocks:pokedoll_pumpkaboo":1,"minecraft:mangrove_leaves":1,"cobblemon:medicinal_leek":1},"minecraft:used":{"biomeswevegone:holly_wreath":1,"pokeblocks:pokedoll_pumpkaboo":1,"display:display_stand_down":2,"handcrafted:yellow_plate":3},"minecraft:picked_up":{"cobblemon:mystic_water":1,"biomeswevegone:holly_wreath":2,"handcrafted:yellow_plate":3,"academy:card_album":1,"biomeswevegone:music_disc_pixie_club":2,"display:display_stand_down":2,"pokeblocks:pokedoll_pumpkaboo":1,"cobblemon:medicinal_leek":1,"cobblemon:water_stone":1,"cobblemon:verdant_ball":1},"minecraft:custom":{"minecraft:time_since_rest":12964,"minecraft:play_time":12964,"minecraft:sprint_one_cm":69800,"minecraft:walk_one_cm":64256,"minecraft:jump":92,"minecraft:leave_game":1,"minecraft:play_record":1,"minecraft:time_since_death":12964,"minecraft:walk_on_water_one_cm":183,"minecraft:climb_one_cm":294,"minecraft:total_world_time":13102,"minecraft:fall_one_cm":799,"minecraft:fly_one_cm":7947}},"DataVersion":3955}